application API,application-layout_0.html
application API,application-theme_0.html
application API,living_application-menu_6.4_2_0_1_0.html
application API,living_application-page_6.4_1_0_0.html
application API,living_application_6.4_0_0_0_0.html
bdm API,bdm_businessdataquery_6.5_2_0_1.html
bdm API,bdm_businessdatareference_6.5_2_0_2_0_0.html
bdm API,bdm_businessdata_7.0_1_0.html
bdm API,overview_7.1.html
bpm API,bpm_activityvariable_6.0_0_0_0_0.html
bpm API,bpm_activity_6.3_0_0_0.html
bpm API,bpm_actormember_6.4_0_0_0_0.html
bpm API,bpm_actor_6.4_1_0_0_1.html
bpm API,bpm_archivedactivity_6.0_1_0_0_1.html
bpm API,bpm_archivedcasedocument_6.0_0_0.html
bpm API,bpm_archivedcase_7.0_0.html
bpm API,bpm_archivedconnectorinstance_6.0_0_0.html
bpm API,bpm_archivedflownode_6.0_0_1.html
bpm API,bpm_archivedhumantask_6.0_2_0_0_0.html
bpm API,bpm_archivedmanualtask_6.0_0_0_0_0.html
bpm API,bpm_archivedtask_6.0_0_0_1.html
bpm API,bpm_archivedusertask_6.0_0_0.html
bpm API,bpm_casedocument_6.5_0_0_0_0.html
bpm API,bpm_caseinfo_6.5_0_0_0.html
bpm API,bpm_casevariable_6.4_0_0.html
bpm API,bpm_case_7.0_1_0.html
bpm API,bpm_connectorfailure_6.1_1_0_0.html
bpm API,bpm_connectorinstance_6.0_0_0.html
bpm API,bpm_diagram_6.4_0_0_0_0.html
bpm API,bpm_document_7.1.html
bpm API,bpm_flownode_6.0_0_0_0.html
bpm API,bpm_humantask_6.0_0_0_0.html
bpm API,bpm_manualtask_6.0_0_0_1.html
bpm API,bpm_processconnectordependency_6.0_0_0_0.html
bpm API,bpm_processparameter_6.0_0_0_0.html
bpm API,bpm_processresolutionproblem_6.0_1_0_0.html
bpm API,bpm_process_7.0_1_0.html
bpm API,bpm_task_6.0_0_0.html
bpm API,bpm_timereventtrigger_6.4_0_0_0_0.html
bpm API,bpm_usertask_6.0_1_2_0_0_0.html
customuserinfo API,customuserinfo_6.4_2_0.html
form API,form_mapping_7.1_0_0_1.html
identity API,identity_contactdata_6.0_0.html
identity API,identity_group_6.0_0_0.html
identity API,identity_membership_6.0_0.html
identity API,identity_role_6.0_0.html
identity API,identity_user_6.0_0_0_1.html
platform API,platform_license_7.2_0_0.html
platform API,platform_platform_6.0_0_0_1_0.html
platform API,platform_tenant_64-65-70_0_1_0.html
portal API,page_6.4_1.html
portal API,portal_profileentry_6.4_0.html
portal API,portal_profilemember_6.4_0.html
portal API,portal_profile_6.4_0.html
portal API,portal_theme_6.4_0.html
system API,system_i18nlocale_6.0_0_0.html
system API,system_i18ntranslation_6.0_0_0.html
system API,system_session_6.0_0_0.html
system API,system_tenant_6.0_0_0_0.html
